BEGIN;

BEGIN;

/*Permet de modifier la table user existante et de drop la contrainte user_role_id_fkey */
ALTER TABLE "user" DROP CONSTRAINT user_role_id_fkey;

/*Permet de modifier la table stretch existante et de drop la contrainte stretch_category_id_fkey */
ALTER TABLE "product" DROP CONSTRAINT product_category_id_fkey;


/* Insertion/seeding des données dans la table user : en l'occurence ici un user */
INSERT INTO "user" ("id", "email", "password", "civility", "firstname", "lastname", "address", "aditionnal_address", "country", "city", "zipcode", "phone_number", "role_id" ) VALUES 
    (0,'marie.e.geneste@gmail.com', '', 'Madame', 'Marie', 'Genest' , '3 rue du pont', 'a coté du parc', 'France', 'La Rochelle', 35150, 0610201501 , 1),
    (1, 'fredzem@outlook.fr', '', 'Monsieur', 'Fred', 'Meziere', '1 rue des oliviers', 'sous le pont notre dame', 'France', 'Peypin', 13400, 0627240000, 2)


INSERT INTO "category" ("id", "name") VALUES
    (1, "Best-sellers"),
    (2, "Flowers"),
    (3, "Glitters"),
    (4, "Marble"),
    (5, "Nouveautés"),
    (7, "color"),
    (6, "Autre");

INSERT INTO "image" ("id", "name_image_category", "url_image") VALUES
(1, "",),
(2),
(3),
4 
5 
6 
7 
8 
9 
10
11 
12 
13 
14 
15 
16 
17 
18 
19 
20
21 
22 
23 
24 
25 
26 
27 
28 
29 
30
31 
32 
33 
34 
35 
36 
37 
38 
39 
40
41 
42 
43 
44 
45 
46 
47 
48 
49 
50
51 
52 
53 
54 
55 
56 
57 
58 

INSERT INTO "product" ("id", "tittle", "description", "price", "price_reduce", "main_image", "guide_image", "category_id", "image_id", "remaining_quantity") VALUES
    (1, 'Famous Valentine', 'Les kit de press-on-nails sont idéals pour celles qui cherchent à avoir de jolies ongles sans avoir à se rendre chez un professionnel. Il contient tout ce dont vous avez besoin pour des ongles parfaits en un rien de temps. Les press-on-nails sont faciles à appliquer et à enlever, et ils sont suffisamment résistants pour durer jusqu''à 3 semaines*. Il y a plusieurs tailles pour s''adapter à toutes les formes d''ongles. Les press-on-nails sont fabriqués à la main avec des matériaux de haute qualité pour un aspect et une sensation naturels. Il y a aussi une variété de couleurs et de motifs pour s''adapter à tous les styles et toutes les occasions. Avec ce kit, vous pourrez avoir des ongles magnifiques à tout moment. Pour connaître les tailles de vos ongles, vous pouvez soit commander un sizing kit ( en amont ou bien dans la même commande** ) ou alors les mesurer vous même grâce au tuto fournis dans les images du kit mais le risque de ce tromper est plus élevé avec cette méthode. Les kits ne sont ni échangés, ni remboursés étant donné que ce sont des kits personnalisés. *Si collé avec de la colle à faux-ongles. **Si sizing commandé dans la même commande, le délai de livraison du kit dépendra de la bonne récéption de vos tailles.', 34.99, NULL, 'https://i.ibb.co/mHyZTX8/alexx1.webp', 'https://i.ibb.co/Dp9G9YT/guidetaille.webp', 1, '', ''),
    (2, 'Spring Flower', 'Les kit de press-on-nails sont idéals pour celles qui cherchent à avoir de jolies ongles sans avoir à se rendre chez un professionnel. Il contient tout ce dont vous avez besoin pour des ongles parfaits en un rien de temps. Les press-on-nails sont faciles à appliquer et à enlever, et ils sont suffisamment résistants pour durer jusqu''à 3 semaines*. Il y a plusieurs tailles pour s''adapter à toutes les formes d''ongles. Les press-on-nails sont fabriqués à la main avec des matériaux de haute qualité pour un aspect et une sensation naturels. Il y a aussi une variété de couleurs et de motifs pour s''adapter à tous les styles et toutes les occasions. Avec ce kit, vous pourrez avoir des ongles magnifiques à tout moment. Pour connaître les tailles de vos ongles, vous pouvez soit commander un sizing kit ( en amont ou bien dans la même commande** ) ou alors les mesurer vous même grâce au tuto fournis dans les images du kit mais le risque de ce tromper est plus élevé avec cette méthode. Les kits ne sont ni échangés, ni remboursés étant donné que ce sont des kits personnalisés. *Si collé avec de la colle à faux-ongles. **Si sizing commandé dans la même commande, le délai de livraison du kit dépendra de la bonne récéption de vos tailles.', 33.99, NULL, '', 'https://i.ibb.co/Dp9G9YT/guidetaille.webp', 2, '', '' ),
    (3, 'Summer Flower', 'Les kit de press-on-nails sont idéals pour celles qui cherchent à avoir de jolies ongles sans avoir à se rendre chez un professionnel. Il contient tout ce dont vous avez besoin pour des ongles parfaits en un rien de temps. Les press-on-nails sont faciles à appliquer et à enlever, et ils sont suffisamment résistants pour durer jusqu''à 3 semaines*. Il y a plusieurs tailles pour s''adapter à toutes les formes d''ongles. Les press-on-nails sont fabriqués à la main avec des matériaux de haute qualité pour un aspect et une sensation naturels. Il y a aussi une variété de couleurs et de motifs pour s''adapter à tous les styles et toutes les occasions. Avec ce kit, vous pourrez avoir des ongles magnifiques à tout moment. Pour connaître les tailles de vos ongles, vous pouvez soit commander un sizing kit ( en amont ou bien dans la même commande** ) ou alors les mesurer vous même grâce au tuto fournis dans les images du kit mais le risque de ce tromper est plus élevé avec cette méthode. Les kits ne sont ni échangés, ni remboursés étant donné que ce sont des kits personnalisés. *Si collé avec de la colle à faux-ongles. **Si sizing commandé dans la même commande, le délai de livraison du kit dépendra de la bonne récéption de vos tailles.', 33.99, NULL, '', 'https://i.ibb.co/Dp9G9YT/guidetaille.webp', 2, '', '' ),
    (4, 'Alexx', 'Les kit de press-on-nails sont idéals pour celles qui cherchent à avoir de jolies ongles sans avoir à se rendre chez un professionnel. Il contient tout ce dont vous avez besoin pour des ongles parfaits en un rien de temps. Les press-on-nails sont faciles à appliquer et à enlever, et ils sont suffisamment résistants pour durer jusqu''à 3 semaines*. Il y a plusieurs tailles pour s''adapter à toutes les formes d''ongles. Les press-on-nails sont fabriqués à la main avec des matériaux de haute qualité pour un aspect et une sensation naturels. Il y a aussi une variété de couleurs et de motifs pour s''adapter à tous les styles et toutes les occasions. Avec ce kit, vous pourrez avoir des ongles magnifiques à tout moment. Pour connaître les tailles de vos ongles, vous pouvez soit commander un sizing kit ( en amont ou bien dans la même commande** ) ou alors les mesurer vous même grâce au tuto fournis dans les images du kit mais le risque de ce tromper est plus élevé avec cette méthode. Les kits ne sont ni échangés, ni remboursés étant donné que ce sont des kits personnalisés. *Si collé avec de la colle à faux-ongles. **Si sizing commandé dans la même commande, le délai de livraison du kit dépendra de la bonne récéption de vos tailles.', 30.99, NULL, '', 'https://i.ibb.co/Dp9G9YT/guidetaille.webp', 1, '', '' ),
    (5, 'Red Glitters', 'Les kit de press-on-nails sont idéals pour celles qui cherchent à avoir de jolies ongles sans avoir à se rendre chez un professionnel. Il contient tout ce dont vous avez besoin pour des ongles parfaits en un rien de temps. Les press-on-nails sont faciles à appliquer et à enlever, et ils sont suffisamment résistants pour durer jusqu''à 3 semaines*. Il y a plusieurs tailles pour s''adapter à toutes les formes d''ongles. Les press-on-nails sont fabriqués à la main avec des matériaux de haute qualité pour un aspect et une sensation naturels. Il y a aussi une variété de couleurs et de motifs pour s''adapter à tous les styles et toutes les occasions. Avec ce kit, vous pourrez avoir des ongles magnifiques à tout moment. Pour connaître les tailles de vos ongles, vous pouvez soit commander un sizing kit ( en amont ou bien dans la même commande** ) ou alors les mesurer vous même grâce au tuto fournis dans les images du kit mais le risque de ce tromper est plus élevé avec cette méthode. Les kits ne sont ni échangés, ni remboursés étant donné que ce sont des kits personnalisés. *Si collé avec de la colle à faux-ongles. **Si sizing commandé dans la même commande, le délai de livraison du kit dépendra de la bonne récéption de vos tailles.', 29.99, NULL, '', 'https://i.ibb.co/Dp9G9YT/guidetaille.webp', 3, '', '' ),
    (6, 'White Glitters', 'Les kit de press-on-nails sont idéals pour celles qui cherchent à avoir de jolies ongles sans avoir à se rendre chez un professionnel. Il contient tout ce dont vous avez besoin pour des ongles parfaits en un rien de temps. Les press-on-nails sont faciles à appliquer et à enlever, et ils sont suffisamment résistants pour durer jusqu''à 3 semaines*. Il y a plusieurs tailles pour s''adapter à toutes les formes d''ongles. Les press-on-nails sont fabriqués à la main avec des matériaux de haute qualité pour un aspect et une sensation naturels. Il y a aussi une variété de couleurs et de motifs pour s''adapter à tous les styles et toutes les occasions. Avec ce kit, vous pourrez avoir des ongles magnifiques à tout moment. Pour connaître les tailles de vos ongles, vous pouvez soit commander un sizing kit ( en amont ou bien dans la même commande** ) ou alors les mesurer vous même grâce au tuto fournis dans les images du kit mais le risque de ce tromper est plus élevé avec cette méthode. Les kits ne sont ni échangés, ni remboursés étant donné que ce sont des kits personnalisés. *Si collé avec de la colle à faux-ongles. **Si sizing commandé dans la même commande, le délai de livraison du kit dépendra de la bonne récéption de vos tailles.', 29.99, NULL, '', 'https://i.ibb.co/Dp9G9YT/guidetaille.webp', 3, '', '' ),
    (7, 'Dark-Red Glitters', 'Les kit de press-on-nails sont idéals pour celles qui cherchent à avoir de jolies ongles sans avoir à se rendre chez un professionnel. Il contient tout ce dont vous avez besoin pour des ongles parfaits en un rien de temps. Les press-on-nails sont faciles à appliquer et à enlever, et ils sont suffisamment résistants pour durer jusqu''à 3 semaines*. Il y a plusieurs tailles pour s''adapter à toutes les formes d''ongles. Les press-on-nails sont fabriqués à la main avec des matériaux de haute qualité pour un aspect et une sensation naturels. Il y a aussi une variété de couleurs et de motifs pour s''adapter à tous les styles et toutes les occasions. Avec ce kit, vous pourrez avoir des ongles magnifiques à tout moment. Pour connaître les tailles de vos ongles, vous pouvez soit commander un sizing kit ( en amont ou bien dans la même commande** ) ou alors les mesurer vous même grâce au tuto fournis dans les images du kit mais le risque de ce tromper est plus élevé avec cette méthode. Les kits ne sont ni échangés, ni remboursés étant donné que ce sont des kits personnalisés. *Si collé avec de la colle à faux-ongles. **Si sizing commandé dans la même commande, le délai de livraison du kit dépendra de la bonne récéption de vos tailles.', 29.99, NULL, '', 'https://i.ibb.co/Dp9G9YT/guidetaille.webp', 3, '', '' ),
    (8, 'Dark Glitters', 'Les kit de press-on-nails sont idéals pour celles qui cherchent à avoir de jolies ongles sans avoir à se rendre chez un professionnel. Il contient tout ce dont vous avez besoin pour des ongles parfaits en un rien de temps. Les press-on-nails sont faciles à appliquer et à enlever, et ils sont suffisamment résistants pour durer jusqu''à 3 semaines*. Il y a plusieurs tailles pour s''adapter à toutes les formes d''ongles. Les press-on-nails sont fabriqués à la main avec des matériaux de haute qualité pour un aspect et une sensation naturels. Il y a aussi une variété de couleurs et de motifs pour s''adapter à tous les styles et toutes les occasions. Avec ce kit, vous pourrez avoir des ongles magnifiques à tout moment. Pour connaître les tailles de vos ongles, vous pouvez soit commander un sizing kit ( en amont ou bien dans la même commande** ) ou alors les mesurer vous même grâce au tuto fournis dans les images du kit mais le risque de ce tromper est plus élevé avec cette méthode. Les kits ne sont ni échangés, ni remboursés étant donné que ce sont des kits personnalisés. *Si collé avec de la colle à faux-ongles. **Si sizing commandé dans la même commande, le délai de livraison du kit dépendra de la bonne récéption de vos tailles.', 29.99, NULL, '', 'https://i.ibb.co/Dp9G9YT/guidetaille.webp', 3, '', '' ),
    (9, 'Blue Marble', 'Les kit de press-on-nails sont idéals pour celles qui cherchent à avoir de jolies ongles sans avoir à se rendre chez un professionnel. Il contient tout ce dont vous avez besoin pour des ongles parfaits en un rien de temps. Les press-on-nails sont faciles à appliquer et à enlever, et ils sont suffisamment résistants pour durer jusqu''à 3 semaines*. Il y a plusieurs tailles pour s''adapter à toutes les formes d''ongles. Les press-on-nails sont fabriqués à la main avec des matériaux de haute qualité pour un aspect et une sensation naturels. Il y a aussi une variété de couleurs et de motifs pour s''adapter à tous les styles et toutes les occasions. Avec ce kit, vous pourrez avoir des ongles magnifiques à tout moment. Pour connaître les tailles de vos ongles, vous pouvez soit commander un sizing kit ( en amont ou bien dans la même commande** ) ou alors les mesurer vous même grâce au tuto fournis dans les images du kit mais le risque de ce tromper est plus élevé avec cette méthode. Les kits ne sont ni échangés, ni remboursés étant donné que ce sont des kits personnalisés. *Si collé avec de la colle à faux-ongles. **Si sizing commandé dans la même commande, le délai de livraison du kit dépendra de la bonne récéption de vos tailles.', 33.99, NULL, '', 'https://i.ibb.co/Dp9G9YT/guidetaille.webp', 4, '', '' ),
    (10, 'Marie', 'Les kit de press-on-nails sont idéals pour celles qui cherchent à avoir de jolies ongles sans avoir à se rendre chez un professionnel. Il contient tout ce dont vous avez besoin pour des ongles parfaits en un rien de temps. Les press-on-nails sont faciles à appliquer et à enlever, et ils sont suffisamment résistants pour durer jusqu''à 3 semaines*. Il y a plusieurs tailles pour s''adapter à toutes les formes d''ongles. Les press-on-nails sont fabriqués à la main avec des matériaux de haute qualité pour un aspect et une sensation naturels. Il y a aussi une variété de couleurs et de motifs pour s''adapter à tous les styles et toutes les occasions. Avec ce kit, vous pourrez avoir des ongles magnifiques à tout moment. Pour connaître les tailles de vos ongles, vous pouvez soit commander un sizing kit ( en amont ou bien dans la même commande** ) ou alors les mesurer vous même grâce au tuto fournis dans les images du kit mais le risque de ce tromper est plus élevé avec cette méthode. Les kits ne sont ni échangés, ni remboursés étant donné que ce sont des kits personnalisés. *Si collé avec de la colle à faux-ongles. **Si sizing commandé dans la même commande, le délai de livraison du kit dépendra de la bonne récéption de vos tailles.', 29.99, NULL, '', 'https://i.ibb.co/Dp9G9YT/guidetaille.webp', 6, '', '' ),
    (11, 'Glamorous', 'Les kit de press-on-nails sont idéals pour celles qui cherchent à avoir de jolies ongles sans avoir à se rendre chez un professionnel. Il contient tout ce dont vous avez besoin pour des ongles parfaits en un rien de temps. Les press-on-nails sont faciles à appliquer et à enlever, et ils sont suffisamment résistants pour durer jusqu''à 3 semaines*. Il y a plusieurs tailles pour s''adapter à toutes les formes d''ongles. Les press-on-nails sont fabriqués à la main avec des matériaux de haute qualité pour un aspect et une sensation naturels. Il y a aussi une variété de couleurs et de motifs pour s''adapter à tous les styles et toutes les occasions. Avec ce kit, vous pourrez avoir des ongles magnifiques à tout moment. Pour connaître les tailles de vos ongles, vous pouvez soit commander un sizing kit ( en amont ou bien dans la même commande** ) ou alors les mesurer vous même grâce au tuto fournis dans les images du kit mais le risque de ce tromper est plus élevé avec cette méthode. Les kits ne sont ni échangés, ni remboursés étant donné que ce sont des kits personnalisés. *Si collé avec de la colle à faux-ongles. **Si sizing commandé dans la même commande, le délai de livraison du kit dépendra de la bonne récéption de vos tailles.', 34.99, NULL, '', 'https://i.ibb.co/Dp9G9YT/guidetaille.webp', 6, '', '' ),
    (12, 'Bronze Foil', 'Les kit de press-on-nails sont idéals pour celles qui cherchent à avoir de jolies ongles sans avoir à se rendre chez un professionnel. Il contient tout ce dont vous avez besoin pour des ongles parfaits en un rien de temps. Les press-on-nails sont faciles à appliquer et à enlever, et ils sont suffisamment résistants pour durer jusqu''à 3 semaines*. Il y a plusieurs tailles pour s''adapter à toutes les formes d''ongles. Les press-on-nails sont fabriqués à la main avec des matériaux de haute qualité pour un aspect et une sensation naturels. Il y a aussi une variété de couleurs et de motifs pour s''adapter à tous les styles et toutes les occasions. Avec ce kit, vous pourrez avoir des ongles magnifiques à tout moment. Pour connaître les tailles de vos ongles, vous pouvez soit commander un sizing kit ( en amont ou bien dans la même commande** ) ou alors les mesurer vous même grâce au tuto fournis dans les images du kit mais le risque de ce tromper est plus élevé avec cette méthode. Les kits ne sont ni échangés, ni remboursés étant donné que ce sont des kits personnalisés. *Si collé avec de la colle à faux-ongles. **Si sizing commandé dans la même commande, le délai de livraison du kit dépendra de la bonne récéption de vos tailles.', 29.99, NULL, '', 'https://i.ibb.co/Dp9G9YT/guidetaille.webp', 6, '', '' ),
    (13, 'Claire', 'Les kit de press-on-nails sont idéals pour celles qui cherchent à avoir de jolies ongles sans avoir à se rendre chez un professionnel. Il contient tout ce dont vous avez besoin pour des ongles parfaits en un rien de temps. Les press-on-nails sont faciles à appliquer et à enlever, et ils sont suffisamment résistants pour durer jusqu''à 3 semaines*. Il y a plusieurs tailles pour s''adapter à toutes les formes d''ongles. Les press-on-nails sont fabriqués à la main avec des matériaux de haute qualité pour un aspect et une sensation naturels. Il y a aussi une variété de couleurs et de motifs pour s''adapter à tous les styles et toutes les occasions. Avec ce kit, vous pourrez avoir des ongles magnifiques à tout moment. Pour connaître les tailles de vos ongles, vous pouvez soit commander un sizing kit ( en amont ou bien dans la même commande** ) ou alors les mesurer vous même grâce au tuto fournis dans les images du kit mais le risque de ce tromper est plus élevé avec cette méthode. Les kits ne sont ni échangés, ni remboursés étant donné que ce sont des kits personnalisés. *Si collé avec de la colle à faux-ongles. **Si sizing commandé dans la même commande, le délai de livraison du kit dépendra de la bonne récéption de vos tailles.', 34.99, NULL, '', '', 'https://i.ibb.co/Dp9G9YT/guidetaille.webp', 6, '' ),
    (14, 'Black Marble', 'Les kit de press-on-nails sont idéals pour celles qui cherchent à avoir de jolies ongles sans avoir à se rendre chez un professionnel. Il contient tout ce dont vous avez besoin pour des ongles parfaits en un rien de temps. Les press-on-nails sont faciles à appliquer et à enlever, et ils sont suffisamment résistants pour durer jusqu''à 3 semaines*. Il y a plusieurs tailles pour s''adapter à toutes les formes d''ongles. Les press-on-nails sont fabriqués à la main avec des matériaux de haute qualité pour un aspect et une sensation naturels. Il y a aussi une variété de couleurs et de motifs pour s''adapter à tous les styles et toutes les occasions. Avec ce kit, vous pourrez avoir des ongles magnifiques à tout moment. Pour connaître les tailles de vos ongles, vous pouvez soit commander un sizing kit ( en amont ou bien dans la même commande** ) ou alors les mesurer vous même grâce au tuto fournis dans les images du kit mais le risque de ce tromper est plus élevé avec cette méthode. Les kits ne sont ni échangés, ni remboursés étant donné que ce sont des kits personnalisés. *Si collé avec de la colle à faux-ongles. **Si sizing commandé dans la même commande, le délai de livraison du kit dépendra de la bonne récéption de vos tailles.', 34.99, NULL, '', 'https://i.ibb.co/Dp9G9YT/guidetaille.webp', 4, '', '' ),
    (15, 'Baby', 'Les kit de press-on-nails sont idéals pour celles qui cherchent à avoir de jolies ongles sans avoir à se rendre chez un professionnel. Il contient tout ce dont vous avez besoin pour des ongles parfaits en un rien de temps. Les press-on-nails sont faciles à appliquer et à enlever, et ils sont suffisamment résistants pour durer jusqu''à 3 semaines*. Il y a plusieurs tailles pour s''adapter à toutes les formes d''ongles. Les press-on-nails sont fabriqués à la main avec des matériaux de haute qualité pour un aspect et une sensation naturels. Il y a aussi une variété de couleurs et de motifs pour s''adapter à tous les styles et toutes les occasions. Avec ce kit, vous pourrez avoir des ongles magnifiques à tout moment. Pour connaître les tailles de vos ongles, vous pouvez soit commander un sizing kit ( en amont ou bien dans la même commande** ) ou alors les mesurer vous même grâce au tuto fournis dans les images du kit mais le risque de ce tromper est plus élevé avec cette méthode. Les kits ne sont ni échangés, ni remboursés étant donné que ce sont des kits personnalisés. *Si collé avec de la colle à faux-ongles. **Si sizing commandé dans la même commande, le délai de livraison du kit dépendra de la bonne récéption de vos tailles.', 25.99, NULL, '', 'https://i.ibb.co/Dp9G9YT/guidetaille.webp', 6, '', '' ),
    (16, 'Glow', 'Les kit de press-on-nails sont idéals pour celles qui cherchent à avoir de jolies ongles sans avoir à se rendre chez un professionnel. Il contient tout ce dont vous avez besoin pour des ongles parfaits en un rien de temps. Les press-on-nails sont faciles à appliquer et à enlever, et ils sont suffisamment résistants pour durer jusqu''à 3 semaines*. Il y a plusieurs tailles pour s''adapter à toutes les formes d''ongles. Les press-on-nails sont fabriqués à la main avec des matériaux de haute qualité pour un aspect et une sensation naturels. Il y a aussi une variété de couleurs et de motifs pour s''adapter à tous les styles et toutes les occasions. Avec ce kit, vous pourrez avoir des ongles magnifiques à tout moment. Pour connaître les tailles de vos ongles, vous pouvez soit commander un sizing kit ( en amont ou bien dans la même commande** ) ou alors les mesurer vous même grâce au tuto fournis dans les images du kit mais le risque de ce tromper est plus élevé avec cette méthode. Les kits ne sont ni échangés, ni remboursés étant donné que ce sont des kits personnalisés. *Si collé avec de la colle à faux-ongles. **Si sizing commandé dans la même commande, le délai de livraison du kit dépendra de la bonne récéption de vos tailles.', 25.99, NULL, '', 'https://i.ibb.co/Dp9G9YT/guidetaille.webp', 6, '', '' ),
    (17, 'Basics', 'Les kit de press-on-nails sont idéals pour celles qui cherchent à avoir de jolies ongles sans avoir à se rendre chez un professionnel. Il contient tout ce dont vous avez besoin pour des ongles parfaits en un rien de temps. Les press-on-nails sont faciles à appliquer et à enlever, et ils sont suffisamment résistants pour durer jusqu''à 3 semaines*. Il y a plusieurs tailles pour s''adapter à toutes les formes d''ongles. Les press-on-nails sont fabriqués à la main avec des matériaux de haute qualité pour un aspect et une sensation naturels. Il y a aussi une variété de couleurs et de motifs pour s''adapter à tous les styles et toutes les occasions. Avec ce kit, vous pourrez avoir des ongles magnifiques à tout moment. Pour connaître les tailles de vos ongles, vous pouvez soit commander un sizing kit ( en amont ou bien dans la même commande** ) ou alors les mesurer vous même grâce au tuto fournis dans les images du kit mais le risque de ce tromper est plus élevé avec cette méthode. Les kits ne sont ni échangés, ni remboursés étant donné que ce sont des kits personnalisés. *Si collé avec de la colle à faux-ongles. **Si sizing commandé dans la même commande, le délai de livraison du kit dépendra de la bonne récéption de vos tailles.', 24.99, NULL, '', 'https://i.ibb.co/Dp9G9YT/guidetaille.webp', 6, '', '' ),
    (18, 'Blue Lagoon', 'Les kit de press-on-nails sont idéals pour celles qui cherchent à avoir de jolies ongles sans avoir à se rendre chez un professionnel. Il contient tout ce dont vous avez besoin pour des ongles parfaits en un rien de temps. Les press-on-nails sont faciles à appliquer et à enlever, et ils sont suffisamment résistants pour durer jusqu''à 3 semaines*. Il y a plusieurs tailles pour s''adapter à toutes les formes d''ongles. Les press-on-nails sont fabriqués à la main avec des matériaux de haute qualité pour un aspect et une sensation naturels. Il y a aussi une variété de couleurs et de motifs pour s''adapter à tous les styles et toutes les occasions. Avec ce kit, vous pourrez avoir des ongles magnifiques à tout moment. Pour connaître les tailles de vos ongles, vous pouvez soit commander un sizing kit ( en amont ou bien dans la même commande** ) ou alors les mesurer vous même grâce au tuto fournis dans les images du kit mais le risque de ce tromper est plus élevé avec cette méthode. Les kits ne sont ni échangés, ni remboursés étant donné que ce sont des kits personnalisés. *Si collé avec de la colle à faux-ongles. **Si sizing commandé dans la même commande, le délai de livraison du kit dépendra de la bonne récéption de vos tailles.', 30.99, NULL, '', 'https://i.ibb.co/Dp9G9YT/guidetaille.webp', 1, '', '' ),
    (19, 'Gold Marble', 'Les kit de press-on-nails sont idéals pour celles qui cherchent à avoir de jolies ongles sans avoir à se rendre chez un professionnel. Il contient tout ce dont vous avez besoin pour des ongles parfaits en un rien de temps. Les press-on-nails sont faciles à appliquer et à enlever, et ils sont suffisamment résistants pour durer jusqu''à 3 semaines*. Il y a plusieurs tailles pour s''adapter à toutes les formes d''ongles. Les press-on-nails sont fabriqués à la main avec des matériaux de haute qualité pour un aspect et une sensation naturels. Il y a aussi une variété de couleurs et de motifs pour s''adapter à tous les styles et toutes les occasions. Avec ce kit, vous pourrez avoir des ongles magnifiques à tout moment. Pour connaître les tailles de vos ongles, vous pouvez soit commander un sizing kit ( en amont ou bien dans la même commande** ) ou alors les mesurer vous même grâce au tuto fournis dans les images du kit mais le risque de ce tromper est plus élevé avec cette méthode. Les kits ne sont ni échangés, ni remboursés étant donné que ce sont des kits personnalisés. *Si collé avec de la colle à faux-ongles. **Si sizing commandé dans la même commande, le délai de livraison du kit dépendra de la bonne récéption de vos tailles.', 34.99, NULL, '', 'https://i.ibb.co/Dp9G9YT/guidetaille.webp', 4, '', '' ),
    (20, 'The french', 'Les kit de press-on-nails sont idéals pour celles qui cherchent à avoir de jolies ongles sans avoir à se rendre chez un professionnel. Il contient tout ce dont vous avez besoin pour des ongles parfaits en un rien de temps. Les press-on-nails sont faciles à appliquer et à enlever, et ils sont suffisamment résistants pour durer jusqu''à 3 semaines*. Il y a plusieurs tailles pour s''adapter à toutes les formes d''ongles. Les press-on-nails sont fabriqués à la main avec des matériaux de haute qualité pour un aspect et une sensation naturels. Il y a aussi une variété de couleurs et de motifs pour s''adapter à tous les styles et toutes les occasions. Avec ce kit, vous pourrez avoir des ongles magnifiques à tout moment. Pour connaître les tailles de vos ongles, vous pouvez soit commander un sizing kit ( en amont ou bien dans la même commande** ) ou alors les mesurer vous même grâce au tuto fournis dans les images du kit mais le risque de ce tromper est plus élevé avec cette méthode. Les kits ne sont ni échangés, ni remboursés étant donné que ce sont des kits personnalisés. *Si collé avec de la colle à faux-ongles. **Si sizing commandé dans la même commande, le délai de livraison du kit dépendra de la bonne récéption de vos tailles.', 29.99, NULL, '', 'https://i.ibb.co/Dp9G9YT/guidetaille.webp', 1, '', '' ),
    (21, 'Querida', 'Les kit de press-on-nails sont idéals pour celles qui cherchent à avoir de jolies ongles sans avoir à se rendre chez un professionnel. Il contient tout ce dont vous avez besoin pour des ongles parfaits en un rien de temps. Les press-on-nails sont faciles à appliquer et à enlever, et ils sont suffisamment résistants pour durer jusqu''à 3 semaines*. Il y a plusieurs tailles pour s''adapter à toutes les formes d''ongles. Les press-on-nails sont fabriqués à la main avec des matériaux de haute qualité pour un aspect et une sensation naturels. Il y a aussi une variété de couleurs et de motifs pour s''adapter à tous les styles et toutes les occasions. Avec ce kit, vous pourrez avoir des ongles magnifiques à tout moment. Pour connaître les tailles de vos ongles, vous pouvez soit commander un sizing kit ( en amont ou bien dans la même commande** ) ou alors les mesurer vous même grâce au tuto fournis dans les images du kit mais le risque de ce tromper est plus élevé avec cette méthode. Les kits ne sont ni échangés, ni remboursés étant donné que ce sont des kits personnalisés. *Si collé avec de la colle à faux-ongles. **Si sizing commandé dans la même commande, le délai de livraison du kit dépendra de la bonne récéption de vos tailles.', 29.99, NULL, '', 'https://i.ibb.co/Dp9G9YT/guidetaille.webp', 5, '', '' ),
    (22, 'Fushia Queen', 'Les kit de press-on-nails sont idéals pour celles qui cherchent à avoir de jolies ongles sans avoir à se rendre chez un professionnel. Il contient tout ce dont vous avez besoin pour des ongles parfaits en un rien de temps. Les press-on-nails sont faciles à appliquer et à enlever, et ils sont suffisamment résistants pour durer jusqu''à 3 semaines*. Il y a plusieurs tailles pour s''adapter à toutes les formes d''ongles. Les press-on-nails sont fabriqués à la main avec des matériaux de haute qualité pour un aspect et une sensation naturels. Il y a aussi une variété de couleurs et de motifs pour s''adapter à tous les styles et toutes les occasions. Avec ce kit, vous pourrez avoir des ongles magnifiques à tout moment. Pour connaître les tailles de vos ongles, vous pouvez soit commander un sizing kit ( en amont ou bien dans la même commande** ) ou alors les mesurer vous même grâce au tuto fournis dans les images du kit mais le risque de ce tromper est plus élevé avec cette méthode. Les kits ne sont ni échangés, ni remboursés étant donné que ce sont des kits personnalisés. *Si collé avec de la colle à faux-ongles. **Si sizing commandé dans la même commande, le délai de livraison du kit dépendra de la bonne récéption de vos tailles.', 25.99, NULL, '', 'https://i.ibb.co/Dp9G9YT/guidetaille.webp', 5, '', '' ),
    (22, 'Black Gold', 'Les kit de press-on-nails sont idéals pour celles qui cherchent à avoir de jolies ongles sans avoir à se rendre chez un professionnel. Il contient tout ce dont vous avez besoin pour des ongles parfaits en un rien de temps. Les press-on-nails sont faciles à appliquer et à enlever, et ils sont suffisamment résistants pour durer jusqu''à 3 semaines*. Il y a plusieurs tailles pour s''adapter à toutes les formes d''ongles. Les press-on-nails sont fabriqués à la main avec des matériaux de haute qualité pour un aspect et une sensation naturels. Il y a aussi une variété de couleurs et de motifs pour s''adapter à tous les styles et toutes les occasions. Avec ce kit, vous pourrez avoir des ongles magnifiques à tout moment. Pour connaître les tailles de vos ongles, vous pouvez soit commander un sizing kit ( en amont ou bien dans la même commande** ) ou alors les mesurer vous même grâce au tuto fournis dans les images du kit mais le risque de ce tromper est plus élevé avec cette méthode. Les kits ne sont ni échangés, ni remboursés étant donné que ce sont des kits personnalisés. *Si collé avec de la colle à faux-ongles. **Si sizing commandé dans la même commande, le délai de livraison du kit dépendra de la bonne récéption de vos tailles.', 25.99, NULL, '', 'https://i.ibb.co/Dp9G9YT/guidetaille.webp', 5, '', '' );
INSERT INTO "role" ("id", "name") VALUES
(1, 'admin'),
(2, 'user');



COMMIT;
